{"cameraMode":{"drawMode":0,"name":"Shaded","section":"Shading Mode"},"sceneLighting":true,"audioPlay":false,"sceneViewState":{"m_AlwaysRefresh":false,"showFog":true,"showSkybox":true,"showFlares":true,"showImageEffects":true,"showParticleSystems":true,"showVisualEffectGraphs":true,"m_FxEnabled":true},"in2DMode":false,"pivot":{"x":-1.2142192125320435,"y":25.077972412109376,"z":-9.769441604614258},"rotation":{"x":0.45019426941871645,"y":-0.3203173279762268,"z":0.17709490656852723,"w":0.8145893812179565},"size":0.5107465982437134,"orthographic":false}